,2023-12-31,2022-12-31,2021-12-31,2020-12-31
Tax Effect Of Unusual Items,-42217000.0,-30894000.0,48900000.0,84483000.0
Tax Rate For Calcs,0.163,0.114,0.163,0.189
Normalized EBITDA,7755000000.0,9753000000.0,8504000000.0,6098000000.0
Total Unusual Items,-259000000.0,-271000000.0,300000000.0,447000000.0
Total Unusual Items Excluding Goodwill,-259000000.0,-271000000.0,300000000.0,447000000.0
Net Income From Continuing Operation Net Minority Interest,4221000000.0,6328000000.0,5447000000.0,3646000000.0
Reconciled Depreciation,2166000000.0,2132000000.0,2062000000.0,1775000000.0
Reconciled Cost Of Revenue,9856000000.0,10455000000.0,9563000000.0,9809000000.0
EBITDA,7496000000.0,9482000000.0,8804000000.0,6545000000.0
EBIT,5330000000.0,7350000000.0,6742000000.0,4770000000.0
Net Interest Income,17000000.0,-163000000.0,-220000000.0,-204000000.0
Interest Expense,286000000.0,204000000.0,231000000.0,275000000.0
Interest Income,303000000.0,41000000.0,11000000.0,71000000.0
Normalized Income,4437783000.0,6568106000.0,5195900000.0,3283483000.0
Net Income From Continuing And Discontinued Operation,4764000000.0,7209000000.0,6433000000.0,3646000000.0
Total Expenses,18611000000.0,19107000000.0,18415000000.0,18053000000.0
Total Operating Income As Reported,5202000000.0,7536000000.0,6377000000.0,4231000000.0
Diluted Average Shares,743100000.0,737100000.0,736800000.0,718700000.0
Basic Average Shares,736500000.0,725100000.0,714600000.0,706200000.0
Diluted EPS,6.38,9.66,8.61,4.89
Basic EPS,6.44,9.8,8.77,4.97
Diluted NI Availto Com Stockholders,4743000000.0,7103000000.0,6269000000.0,3510000000.0
Average Dilution Earnings,,,,1000000.0
Net Income Common Stockholders,4743000000.0,7103000000.0,6269000000.0,3510000000.0
Preferred Stock Dividends,21000000.0,106000000.0,164000000.0,136000000.0
Net Income,4764000000.0,7209000000.0,6433000000.0,3646000000.0
Net Income Including Noncontrolling Interests,4764000000.0,7209000000.0,6433000000.0,3646000000.0
Net Income Discontinuous Operations,543000000.0,881000000.0,986000000.0,0.0
Net Income Continuous Operations,4221000000.0,6328000000.0,5447000000.0,3646000000.0
Tax Provision,823000000.0,818000000.0,1064000000.0,849000000.0
Pretax Income,5044000000.0,7146000000.0,6511000000.0,4495000000.0
Other Income Expense,-252000000.0,-227000000.0,344000000.0,468000000.0
Other Non Operating Income Expenses,7000000.0,44000000.0,44000000.0,21000000.0
Special Income Charges,-108000000.0,-91000000.0,-101000000.0,429000000.0
Gain On Sale Of Business,0.0,0.0,5000000.0,455000000.0
Other Special Charges,,,96000000.0,26000000.0
Write Off,108000000.0,91000000.0,10000000.0,
Gain On Sale Of Security,-151000000.0,-180000000.0,401000000.0,18000000.0
Net Non Operating Interest Income Expense,17000000.0,-163000000.0,-220000000.0,-204000000.0
Interest Expense Non Operating,286000000.0,204000000.0,231000000.0,275000000.0
Interest Income Non Operating,303000000.0,41000000.0,11000000.0,71000000.0
Operating Income,5279000000.0,7536000000.0,6387000000.0,4231000000.0
Operating Expense,8755000000.0,8652000000.0,8852000000.0,8244000000.0
Other Operating Expenses,,,547000000.0,
Research And Development,1503000000.0,1528000000.0,1498000000.0,1348000000.0
Selling General And Administration,7252000000.0,7124000000.0,6807000000.0,6896000000.0
Gross Profit,14034000000.0,16188000000.0,15239000000.0,12475000000.0
Cost Of Revenue,9856000000.0,10455000000.0,9563000000.0,9809000000.0
Total Revenue,23890000000.0,26643000000.0,24802000000.0,22284000000.0
Operating Revenue,23890000000.0,26643000000.0,24802000000.0,22284000000.0
Treasury Shares Number,141300000.0,141000000.0,140700000.0,140300000.0
Preferred Shares Number,1720000.0,1720000.0,3370000.0,3370000.0
Ordinary Shares Number,739200000.0,728300000.0,715000000.0,711000000.0
Share Issued,880500000.0,869300000.0,855700000.0,851300000.0
Net Debt,12538000000.0,13682000000.0,19590000000.0,15169000000.0
Total Debt,19536000000.0,20616000000.0,23272000000.0,22178000000.0
Tangible Book Value,-8868000000.0,-8683000000.0,-22128000000.0,-20204000000.0
Invested Capital,71888000000.0,68091000000.0,64075000000.0,57702000000.0
Working Capital,5663000000.0,7494000000.0,3508000000.0,6400000000.0
Net Tangible Assets,-8868000000.0,-7015000000.0,-18860000000.0,-16936000000.0
Capital Lease Obligations,1134000000.0,939000000.0,1096000000.0,974000000.0
Common Stock Equity,53486000000.0,48414000000.0,41899000000.0,36498000000.0
Preferred Stock Equity,,1668000000.0,3268000000.0,3268000000.0
Total Capitalization,70193000000.0,69168000000.0,67335000000.0,60959000000.0
Total Equity Gross Minority Interest,53490000000.0,50090000000.0,45177000000.0,39777000000.0
Minority Interest,4000000.0,8000000.0,10000000.0,11000000.0
Stockholders Equity,53486000000.0,50082000000.0,45167000000.0,39766000000.0
Gains Losses Not Affecting Retained Earnings,-1748000000.0,-2872000000.0,-1027000000.0,-368000000.0
Other Equity Adjustments,-1748000000.0,-2872000000.0,-1027000000.0,-368000000.0
Retained Earnings,41074000000.0,39205000000.0,32827000000.0,27159000000.0
Additional Paid In Capital,14151000000.0,12072000000.0,10090000000.0,9698000000.0
Capital Stock,9000000.0,1677000000.0,3277000000.0,3277000000.0
Common Stock,9000000.0,9000000.0,9000000.0,9000000.0
Preferred Stock,0.0,1668000000.0,3268000000.0,3268000000.0
Total Liabilities Net Minority Interest,30998000000.0,34260000000.0,38007000000.0,36384000000.0
Total Non Current Liabilities Net Minority Interest,22724000000.0,25871000000.0,29867000000.0,28982000000.0
Other Non Current Liabilities,228000000.0,261000000.0,219000000.0,166000000.0
Liabilities Heldfor Sale Non Current,0.0,287000000.0,,
Employee Benefits,798000000.0,690000000.0,1145000000.0,1680000000.0
Non Current Pension And Other Postretirement Benefit Plans,544000000.0,492000000.0,876000000.0,1502000000.0
Tradeand Other Payables Non Current,3782000000.0,4548000000.0,5231000000.0,4951000000.0
Non Current Deferred Liabilities,249000000.0,221000000.0,213000000.0,205000000.0
Non Current Deferred Revenue,249000000.0,221000000.0,213000000.0,205000000.0
Long Term Debt And Capital Lease Obligation,17661000000.0,19858000000.0,23057000000.0,21978000000.0
Long Term Capital Lease Obligation,954000000.0,772000000.0,889000000.0,785000000.0
Long Term Debt,16707000000.0,19086000000.0,22168000000.0,21193000000.0
Long Term Provisions,6000000.0,6000000.0,2000000.0,2000000.0
Current Liabilities,8274000000.0,8389000000.0,8140000000.0,7402000000.0
Other Current Liabilities,1172000000.0,2230000000.0,1297000000.0,1727000000.0
Current Deferred Liabilities,1465000000.0,1456000000.0,1613000000.0,1212000000.0
Current Deferred Revenue,1465000000.0,1456000000.0,1613000000.0,1212000000.0
Current Debt And Capital Lease Obligation,1875000000.0,758000000.0,215000000.0,200000000.0
Current Capital Lease Obligation,180000000.0,167000000.0,207000000.0,189000000.0
Current Debt,1695000000.0,591000000.0,8000000.0,11000000.0
Other Current Borrowings,1695000000.0,591000000.0,8000000.0,11000000.0
Pensionand Other Post Retirement Benefit Plans Current,1184000000.0,1222000000.0,1443000000.0,1462000000.0
Current Provisions,155000000.0,171000000.0,221000000.0,200000000.0
Payables And Accrued Expenses,2423000000.0,2552000000.0,3351000000.0,2601000000.0
Current Accrued Expenses,,,,1105000000.0
Payables,2423000000.0,2552000000.0,3351000000.0,2601000000.0
Other Payable,75000000.0,75000000.0,75000000.0,
Total Tax Payable,582000000.0,621000000.0,707000000.0,552000000.0
Accounts Payable,1766000000.0,1856000000.0,2569000000.0,2049000000.0
Total Assets,84488000000.0,84350000000.0,83184000000.0,76161000000.0
Total Non Current Assets,70551000000.0,68467000000.0,71536000000.0,62359000000.0
Other Non Current Assets,3644000000.0,7661000000.0,3719000000.0,2395000000.0
Goodwill And Other Intangible Assets,62354000000.0,57097000000.0,64027000000.0,56702000000.0
Other Intangible Assets,20746000000.0,19821000000.0,22843000000.0,21282000000.0
Goodwill,41608000000.0,37276000000.0,41184000000.0,35420000000.0
Net PPE,4553000000.0,3709000000.0,3790000000.0,3262000000.0
Accumulated Depreciation,-3826000000.0,-3433000000.0,-3465000000.0,-3182000000.0
Gross PPE,8379000000.0,7142000000.0,7255000000.0,6444000000.0
Other Properties,1794000000.0,1669000000.0,1766000000.0,1849000000.0
Machinery Furniture Equipment,4106000000.0,3477000000.0,3610000000.0,2881000000.0
Buildings And Improvements,2269000000.0,1795000000.0,1676000000.0,1522000000.0
Land And Improvements,210000000.0,201000000.0,203000000.0,192000000.0
Properties,0.0,0.0,0.0,0.0
Current Assets,13937000000.0,15883000000.0,11648000000.0,13802000000.0
Other Current Assets,1557000000.0,1741000000.0,1664000000.0,1430000000.0
Assets Held For Sale Current,0.0,1280000000.0,,
Prepaid Assets,,,1664000000.0,1430000000.0
Inventory,2594000000.0,2765000000.0,2767000000.0,2292000000.0
Finished Goods,1282000000.0,1359000000.0,1343000000.0,1232000000.0
Work In Process,459000000.0,422000000.0,473000000.0,369000000.0
Raw Materials,853000000.0,984000000.0,951000000.0,691000000.0
Receivables,3922000000.0,4102000000.0,4631000000.0,4045000000.0
Accounts Receivable,3922000000.0,4102000000.0,4631000000.0,4045000000.0
Allowance For Doubtful Accounts Receivable,-120000000.0,-92000000.0,-124000000.0,-132000000.0
Gross Accounts Receivable,4042000000.0,4194000000.0,4755000000.0,4177000000.0
Cash Cash Equivalents And Short Term Investments,5864000000.0,5995000000.0,2586000000.0,6035000000.0
Cash And Cash Equivalents,5864000000.0,5995000000.0,2586000000.0,6035000000.0
Free Cash Flow,5781000000.0,7401000000.0,7118000000.0,5417000000.0
Repayment Of Debt,-620000000.0,-965000000.0,-1282000000.0,-5959000000.0
Issuance Of Debt,0.0,0.0,984000000.0,8670000000.0
Issuance Of Capital Stock,68000000.0,31000000.0,86000000.0,3550000000.0
Capital Expenditure,-1383000000.0,-1118000000.0,-1240000000.0,-791000000.0
End Cash Position,5864000000.0,5995000000.0,2586000000.0,6035000000.0
Beginning Cash Position,5995000000.0,2586000000.0,6035000000.0,19912000000.0
Effect Of Exchange Rate Changes,59000000.0,-306000000.0,-115000000.0,148000000.0
Changes In Cash,-190000000.0,3715000000.0,-3334000000.0,-14025000000.0
Financing Cash Flow,-273000000.0,-2570000000.0,1295000000.0,1006000000.0
Cash Flow From Continuing Financing Activities,-273000000.0,-2570000000.0,1295000000.0,1006000000.0
Net Other Financing Charges,2533000000.0,-95000000.0,-16000000.0,-3000000.0
Cash Dividends Paid,-1248000000.0,-818000000.0,-742000000.0,-615000000.0
Common Stock Dividend Paid,,,,-615000000.0
Net Preferred Stock Issuance,,0.0,0.0,1668000000.0
Preferred Stock Issuance,,0.0,0.0,1668000000.0
Net Common Stock Issuance,68000000.0,31000000.0,86000000.0,1882000000.0
Common Stock Issuance,68000000.0,31000000.0,86000000.0,1882000000.0
Net Issuance Payments Of Debt,-1626000000.0,-1688000000.0,1967000000.0,-1926000000.0
Net Short Term Debt Issuance,-1006000000.0,-723000000.0,2265000000.0,-4637000000.0
Net Long Term Debt Issuance,-620000000.0,-965000000.0,-298000000.0,2711000000.0
Long Term Debt Payments,-620000000.0,-965000000.0,-1282000000.0,-5959000000.0
Long Term Debt Issuance,0.0,0.0,984000000.0,8670000000.0
Investing Cash Flow,-7081000000.0,-2234000000.0,-12987000000.0,-21239000000.0
Cash From Discontinued Investing Activities,-33000000.0,-89000000.0,-97000000.0,0.0
Cash Flow From Continuing Investing Activities,-7048000000.0,-2145000000.0,-12890000000.0,-21239000000.0
Net Other Investing Changes,44000000.0,51000000.0,37000000.0,24000000.0
Net Investment Purchase And Sale,-111000000.0,-505000000.0,-799000000.0,-329000000.0
Sale Of Investment,61000000.0,18000000.0,126000000.0,13000000.0
Purchase Of Investment,-172000000.0,-523000000.0,-925000000.0,-342000000.0
Net Business Purchase And Sale,-5610000000.0,-582000000.0,-10901000000.0,-20145000000.0
Sale Of Business,,0.0,26000000.0,826000000.0
Purchase Of Business,-5610000000.0,-582000000.0,-10901000000.0,-20971000000.0
Net PPE Purchase And Sale,-1371000000.0,-1109000000.0,-1227000000.0,-789000000.0
Sale Of PPE,12000000.0,9000000.0,13000000.0,2000000.0
Purchase Of PPE,-1383000000.0,-1118000000.0,-1240000000.0,-791000000.0
Operating Cash Flow,7164000000.0,8519000000.0,8358000000.0,6208000000.0
Cash From Discontinued Operating Activities,674000000.0,906000000.0,935000000.0,-7000000.0
Cash Flow From Continuing Operating Activities,6490000000.0,7613000000.0,7423000000.0,6215000000.0
Change In Working Capital,-393000000.0,-1413000000.0,-561000000.0,579000000.0
Change In Other Working Capital,-1204000000.0,-582000000.0,-102000000.0,518000000.0
Change In Payables And Accrued Expense,-115000000.0,79000000.0,548000000.0,346000000.0
Change In Accrued Expense,34000000.0,97000000.0,64000000.0,119000000.0
Change In Payable,-149000000.0,-18000000.0,484000000.0,227000000.0
Change In Account Payable,-149000000.0,-18000000.0,484000000.0,227000000.0
Change In Prepaid Assets,419000000.0,-73000000.0,17000000.0,102000000.0
Change In Inventory,185000000.0,-448000000.0,-427000000.0,-123000000.0
Change In Receivables,322000000.0,-389000000.0,-597000000.0,-264000000.0
Changes In Account Receivables,322000000.0,-389000000.0,-597000000.0,-264000000.0
Other Non Cash Items,8000000.0,,601000000.0,457000000.0
Stock Based Compensation,306000000.0,295000000.0,184000000.0,187000000.0
Depreciation Amortization Depletion,2166000000.0,2132000000.0,2062000000.0,1775000000.0
Depreciation And Amortization,2166000000.0,2132000000.0,2062000000.0,1775000000.0
Amortization Cash Flow,1491000000.0,1434000000.0,1388000000.0,1138000000.0
Amortization Of Intangibles,1491000000.0,1434000000.0,1388000000.0,1138000000.0
Depreciation,675000000.0,698000000.0,674000000.0,637000000.0
Operating Gains Losses,182000000.0,271000000.0,-310000000.0,-429000000.0
Gain Loss On Sale Of Business,182000000.0,271000000.0,-406000000.0,-455000000.0
Net Income From Continuing Operations,4221000000.0,6328000000.0,5447000000.0,3646000000.0
